"whole_1|I love habits"
"whole_2|They can simplify your whole life and support you in achieving your most important goals with ease"
"whole_3|However I often see people"
"whole_4|overcomplicate the topic of habit building"
"whole_5|Yes habits are incredibly powerful and yes it needs some time to establish them but its no magic"
"whole_6|about keeping it simple understanding how our brain works and the most important part that people often miss out is that you need to do it"
"whole_7|You can read all the habit-building books that are out there and complete tens of online courses on routines"
"whole_8|Yet if you are not prepared and if you dont take action nothing will change"
"whole_9|there are some strategies and facts that I wish everybody would know because they can tremendously simplify your habit-building journey"
"whole_10|Depending on what they are our habits will either make us or break us. We become what we repeatedly do"
"whole_11|Why you should care about habits The short answer according to Brian Tracy is"
"whole_12|the longer more extensive explanation is around the fact that routines facilitate our lives in many ways."
"whole_13|If you analyze the most successful people of the world no matter if they are in business sports art or whatsoever you will soon realize that they have one thing in common: habits"
"whole_14|Successful people are simply those with successful habits."
"whole_15|Success and the achievement of high goals dont happen by chance"
"whole_16|On the contrary: Success is the result of continuous action over a long period."
"whole_17|What you do every day determines your success and your life"
"whole_18|Thus steady habits are inevitable if you are striving for progress in the long run"
"whole_19|You will never change your life until you change something you do daily. The secret of your success is found in your daily routine"
"whole_20|Irregular actions will hardly cause a significant change in your life"
"whole_21|The rule is simple:Great results are the outcome of continuous work over the long run"
"whole_22|Daily routines and habits are the safest way to ensure that continuity reach your goals efficiently."
"whole_23|The more routines you have established in your daily life the easier it will get to make quick decisions and cope with unexpected challenges"
"whole_24|Successful people arent born that way. They become successful by establishing the habit of doing things unsuccessful people dont do"
"whole_25|There are three main types of habits"
"whole_26|Habitual ways of thinking Your thinking habits so to say."
"whole_27|Your thinking habits determine whether you are an optimistic or pessimistic person and which thoughts cross your mind all day long."
"whole_28|Emotional habits Your emotional habits are in control of how you feel."
"whole_29|For example whether you feel insecure quickly or maintain a strong state even when your are in unexpected situation occurs"
"whole_30|Last but not least your behavior These are the things you actually do."
"whole_31|Whether you go to the gym or watch Netflix. Whether you meditate or smoke a cigarette Thats all behavior."
"whole_32|And thats what we are focusing here: Changing the way you do certain things building new behaviors."
"whole_33|How habits work"
"whole_34|In his book The Power of Habit Charles Duhigg explains how every habit consists of three steps."
"whole_35|James Clear the author of Atomic Habits put these three steps into a scheme that is easy to remember: the 3 Rs of habit change"
"whole_36|This scheme does work the same way for positive habits as it does for harmful addictions."
"whole_37|Lets take a simple example: Smoking"
"whole_38|Smokers somehow get reminded of the desire to smoke They either feel the urge to smoke or they experience another kind of reminder that tells them its time to smoke."
"whole_39|For example drinking a coffee might be a reminder to light up a cigarette."
"whole_40|Or every break during work might be one."
"whole_41|You get the point: there is always something that reminds you to practice a habit.For negative habits these reminders are already existing."
"whole_42|For new habits you need to build a reminder yourself."
"whole_43|At least its very advisable as it will simplify your habit-building journey."
"whole_44|Lets take meditation as an example; an incredibly powerful habit that many people struggle to establish.If you want to meditate daily you need to get reminded of it."
"whole_45|The most powerful way is to connect the new habit of meditating to one that is already there."
"whole_46|For example brushing your teeth is a routine thats already there."
"whole_47|We dont ponder if we should brush our teeth or not. We just do it"
"whole_48|As you know that you are brushing your teeth anyway you can decide on meditating right before or after it."
"whole_49|In the beginning you could even put a sticky note next to your toothbrush so that you certainly remember to meditate."
"whole_50|By building this connection between you and your new habit"
"whole_51|you eliminate the biggest struggle in habit-building: not knowing when to take action."
"whole_52|After the reminder you practice your actual routine."
"whole_53|You do what needs to be done.However you can even simplify this process by preparing ahead."
"whole_54|Lets stick with the meditation example."
"whole_55|If you for instance want to practice guided meditation"
"whole_56|You can make sure that your guided meditation is easy to find. If you need some you can place your headphones in the right place."
"whole_57|You can even create a physical space that you always use for this specific activity so that your brain instantly knows that its time for meditation once you put yourself there."
"whole_58|If you pick the right small behavior and sequence it right then you wont have to motivate yourself to have it grow. It will just happen naturally"
"whole_59|After the routine its time for the reward."
"whole_60|In the case of smoking the reward is the satisfaction that smokers sense. The nicotine intake is a reward that they want to experience over and over again."
"whole_61|In the case of meditation however feeling great might be the reward."
"whole_62|However if thats not enough for you you can treat yourself differently as well."
"whole_63|Ticking a box on a printed sheet of paper can be a great satisfaction.You can also have a habit tracker on your phone and put your achievements in there."
"whole_64|Anything that makes you feel good after practicing your routine is your reward."
"whole_65|In the case of sport the great feeling that you sense afterward is your reward."
"whole_66|If you ask people who regularly exercise they will tell you how bad they feel if they skip their exercise once."
"whole_67|For them feeling amazing is a reward that they want to experience repeatedly."
"whole_68|How to build habits that improve your life. By now you know what habits are and how they are constructed."
"whole_69|Now its about creating your first habit applying all the strategies you have learned."
"whole_70|But before focusing on the how we need to figure out the why."
"whole_71|Which habits do you want to build?"
"whole_72|Almost anyone who is into personal growth knows that habits are essential and great."
"whole_73|Yet the majority fails in establishing them."
"whole_74|thats on the one hand due to a lack of discipline but on the other hand its because they dont know why they are doing what they are doing."
"whole_75|If you are familiar with Simon Sinek and his Golden Circle you might already know what I am talking about."
"whole_76|its important to know why you are doing something."
"whole_77|Yeah meditation might sound cool and obviously many people are doing it and seeing amazing results but why do you want to do it?"
"whole_78|What exactly do you want to change or improve in your life?"
"whole_79|What is it that motivates you to spend your energy on building that habit?"
"whole_80|There must be a why — a reason for why you do something."
"whole_81|thats just the way our brain works: If something doesent seem important enough and if we dont feel an emotional attachment we easily find reasons and ways to procrastinate."
"whole_82|Champions can be made when they embrace and commit to life-changing positive habits.―Lewis Howes"
"whole_83|Create a vision for your life"
"whole_84|To figure out which habits are the right ones for you you first need to check all the different areas of your life."
"whole_85|can imagine your life like a wheel that is divided into various sections."
"whole_86|There are hundreds of different types of such graphics some including more and some including less different areas."
"whole_87|However whats important is that you are aware of the fact that your life consists of several different areas."
"whole_88|And the best way to figure out which habits to build is to have a look at all these areas and create a life vision."
"whole_89|This might take some time but I highly recommend sitting down and doing this kind of reflection if you have never done it before."
"whole_90|Think about your future: whats the ideal version of your life in five ten or even fifteen years? whats the absolute dream-life you can imagine?"
"whole_91|Cover as many areas as possible: How do you feel and look? Where do you live? With whom do you spend your time? What about your finances?"
"whole_92|Create an overall vision that excites you."
"whole_93|Once you are clear about your vision you will realize that you need to make a few changes in your life."
"whole_94|For example if your ideal future includes the healthiest fittest version of yourself you might need to exercise more or take better care of your nutrition."
"whole_95|thats the moment you should consider forming a habit for that particular area of your life."
"whole_96|Now that you have a good reason to form the habit it will be easier to grow your discipline."
"whole_97|Give your very best to create a vision of your future that excites you."
"whole_98|Once you know what you are working towards sticking to your promises will be easier."
"whole_99|Habits are safer than rules; you dont have to watch them. And you dont have to keep them either. They keep you"
"whole_100|Start incredibly small. Now that you are aware of the habits that you want to establish its about getting to work."
"whole_101|Why most people fail in sticking to their habits is because they start with high expectations."
"whole_102|One hour of sports per day might be easily doable for someone who is into it for years but incredibly tough to establish for somebody who is just starting."
"whole_103|The surest way to succeed in building habits is to start incredibly small."
"whole_104|Once that works well increase the number of pages or minutes."
"whole_105|By starting small you eliminate resistance and create an environment that allows strengthening your habit with ease."
"whole_106|The second biggest mistake that people make when it comes to new habits is trying to establish several routines at once.thats guaranteed to fail."
"whole_107|Our lives are in balance. Once we try to change something for example to establish a routine we are disturbing this balance."
"whole_108|While changing one little thing might be no problem transforming your whole life at once might come with many struggles."
"whole_109|Humans are creatures of habit. We generally love security."
"whole_110|And repeating specific patterns over and over again feels secure."
"whole_111|thats why it is so hard to make sudden significant changes."
"whole_112|Changing one little habit after the other however is a great way to transform your life slowly but surely."
"whole_113|You should never expect to fail but you should be prepared for the worst case.Be aware of anything that might hold you back from practicing your habit."
"whole_114|What are the things that might come along your way and make it challenging to stick to your habits? Figure out what these things are and come up with a solution."
"whole_115|What can you do if these worst-case scenarios happen?"
"whole_116|For example you could create a mini-version of your habit."
"whole_117|lets say you want to meditate for ten minutes. Your mini habit could be a 60-second breathing exercise."
"whole_118|Or if going to the gym every day is your goal a ten-minute home workout or stretching exercises might be your light something that you can fit into any day no matter how busy you are."
"whole_119|Find an accountability buddy Life is more comfortable and beautiful if like-minded people surround us. So is building habits."
"whole_120|An accountability buddy is someone who ideally has similar goals as you and regularly asks for an update about your achievements.By reporting to each other you are much likelier to stick to your habits."
"whole_121|Self-discipline can be tough sometimes.So why not push each other to reach goals?"
"whole_122|Finding someone who is of one mind and supports you in persevering is a great way to ensure discipline."
"whole_123|Especially if you have similar goals exchanging ideas and motivating each other can be enjoyable."
"whole_124|Have your long term vision in mind.For me having my vision in mind is the greatest motivation to stick to my routines."
"whole_125|If I remind myself why I wanted to do something in the first place I feel the urge to do it."
"whole_126|If you are struggling to keep your motivation high create a vision board that genuinely excites you and refer back to it daily."
"whole_127|If you are going to achieve excellence in big things you develop the habit in little matters. Excellence is not an exception it is a prevailing attitude"
"whole_128|if you want to dive deeper into the topic and get some more inspiration these are the books I recommend:"
